{
	"IcoMoonType": "selection",
	"icons": [
		{
			"icon": {
				"paths": [
					"M853.323 740.391c0 124.903-112.124 219.641-322.93 219.641-184.465 0-310.542-92.36-310.542-219.641 0-173.371 87.935-442.369-27.636-642.563 222.878 128.696 196.822 458.489 223.374 561.537 0.692 2.709 1.4 5.283 2.198 7.647 15.413 47.429 59.998 81.763 112.575 81.763 65.357 0 118.34-52.999 118.34-118.34 0-194.399-194.414-471.013-456.503-566.399 373.535-0.030 661.122 302.82 661.122 676.355z"
				],
				"attrs": [
					{
						"fill": "rgb(0, 0, 0)"
					}
				],
				"isMulticolor": false,
				"tags": [
					""
				],
				"defaultCode": 58880,
				"grid": 24
			},
			"attrs": [
				{
					"fill": "rgb(0, 0, 0)"
				}
			],
			"properties": {
				"id": 739,
				"order": 24,
				"prevSize": 32,
				"code": 58880,
				"name": "HitkoDev"
			},
			"setIdx": 2,
			"setId": 2,
			"iconIdx": 0
		},
		{
			"icon": {
				"paths": [
					"M341.333 213.334v597.333l469.333-298.667z"
				],
				"attrs": [
					{
						"fill": "rgb(0, 0, 0)"
					}
				],
				"isMulticolor": false,
				"defaultCode": 61625,
				"grid": 24,
				"tags": [
					""
				]
			},
			"attrs": [
				{
					"fill": "rgb(0, 0, 0)"
				}
			],
			"properties": {
				"id": 185,
				"order": 25,
				"prevSize": 32,
				"code": 58881,
				"name": "play"
			},
			"setIdx": 2,
			"setId": 2,
			"iconIdx": 1
		},
		{
			"icon": {
				"paths": [
					"M426.667 704.001l256-192-256-192v384zM512 85.334c-235.733 0-426.667 190.933-426.667 426.667s190.933 426.667 426.667 426.667 426.667-190.933 426.667-426.667-190.933-426.667-426.667-426.667zM512 853.334c-188.16 0-341.333-153.173-341.333-341.333s153.173-341.333 341.333-341.333 341.333 153.173 341.333 341.333-153.173 341.333-341.333 341.333z"
				],
				"attrs": [
					{
						"fill": "rgb(0, 0, 0)"
					}
				],
				"isMulticolor": false,
				"defaultCode": 61627,
				"grid": 24,
				"tags": [
					""
				]
			},
			"attrs": [
				{
					"fill": "rgb(0, 0, 0)"
				}
			],
			"properties": {
				"id": 187,
				"order": 26,
				"prevSize": 32,
				"code": 58882,
				"name": "play-circle"
			},
			"setIdx": 2,
			"setId": 2,
			"iconIdx": 2
		},
		{
			"icon": {
				"paths": [
					"M256 810.668h170.667v-597.333h-170.667v597.333zM597.333 213.334v597.333h170.667v-597.333h-170.667z"
				],
				"attrs": [
					{
						"fill": "rgb(0, 0, 0)"
					}
				],
				"isMulticolor": false,
				"defaultCode": 61622,
				"grid": 24,
				"tags": [
					""
				]
			},
			"attrs": [
				{
					"fill": "rgb(0, 0, 0)"
				}
			],
			"properties": {
				"id": 182,
				"order": 27,
				"prevSize": 32,
				"code": 58883,
				"name": "pause"
			},
			"setIdx": 2,
			"setId": 2,
			"iconIdx": 3
		},
		{
			"icon": {
				"paths": [
					"M704 512.001c0-75.307-43.52-140.373-106.667-171.733v94.293l104.747 104.747c1.28-8.96 1.92-18.133 1.92-27.307zM810.667 512.001c0 40.107-8.747 77.867-23.040 112.64l64.64 64.64c27.733-53.12 43.733-113.28 43.733-177.28 0-182.613-127.787-335.36-298.667-374.187v88.107c123.307 36.693 213.333 150.827 213.333 286.080zM182.4 128.001l-54.4 54.4 201.6 201.6h-201.6v256h170.667l213.333 213.333v-286.933l181.547 181.547c-28.587 21.973-60.8 39.68-96.213 50.347v88.107c58.667-13.44 112.213-40.32 157.227-77.227l87.040 86.827 54.4-54.4-713.6-713.6zM512 170.668l-89.173 89.173 89.173 89.173v-178.347z"
				],
				"attrs": [
					{
						"fill": "rgb(0, 0, 0)"
					}
				],
				"isMulticolor": false,
				"defaultCode": 61649,
				"grid": 24,
				"tags": [
					""
				]
			},
			"attrs": [
				{
					"fill": "rgb(0, 0, 0)"
				}
			],
			"properties": {
				"id": 209,
				"order": 28,
				"prevSize": 32,
				"code": 58884,
				"name": "mute"
			},
			"setIdx": 2,
			"setId": 2,
			"iconIdx": 4
		},
		{
			"icon": {
				"paths": [
					"M128.003 384.001v256h170.667l213.333 213.333v-682.667l-213.333 213.333h-170.667z"
				],
				"attrs": [
					{
						"fill": "rgb(0, 0, 0)"
					}
				],
				"isMulticolor": false,
				"defaultCode": 61648,
				"grid": 24,
				"tags": [
					""
				]
			},
			"attrs": [
				{
					"fill": "rgb(0, 0, 0)"
				}
			],
			"properties": {
				"id": 208,
				"order": 29,
				"prevSize": 32,
				"code": 58885,
				"name": "volume-1"
			},
			"setIdx": 2,
			"setId": 2,
			"iconIdx": 5
		},
		{
			"icon": {
				"paths": [
					"M704.001 512.001c0-75.307-43.52-140.373-106.667-171.733v343.68c63.147-31.573 106.667-96.64 106.667-171.947zM128.001 384.001v256h170.667l213.333 213.333v-682.667l-213.333 213.333h-170.667z"
				],
				"attrs": [
					{
						"fill": "rgb(0, 0, 0)"
					}
				],
				"isMulticolor": false,
				"defaultCode": 61647,
				"grid": 24,
				"tags": [
					""
				]
			},
			"attrs": [
				{
					"fill": "rgb(0, 0, 0)"
				}
			],
			"properties": {
				"id": 207,
				"order": 30,
				"prevSize": 32,
				"code": 58886,
				"name": "volume-2"
			},
			"setIdx": 2,
			"setId": 2,
			"iconIdx": 6
		},
		{
			"icon": {
				"paths": [
					"M128 384.001v256h170.667l213.333 213.333v-682.667l-213.333 213.333h-170.667zM704 512.001c0-75.307-43.52-140.373-106.667-171.733v343.68c63.147-31.573 106.667-96.64 106.667-171.947zM597.333 137.814v88.107c123.307 36.693 213.333 150.827 213.333 286.080s-90.027 249.387-213.333 286.080v88.107c170.88-38.827 298.667-191.36 298.667-374.187s-127.787-335.36-298.667-374.187z"
				],
				"attrs": [
					{
						"fill": "rgb(0, 0, 0)"
					}
				],
				"isMulticolor": false,
				"defaultCode": 61650,
				"grid": 24,
				"tags": [
					""
				]
			},
			"attrs": [
				{
					"fill": "rgb(0, 0, 0)"
				}
			],
			"properties": {
				"id": 210,
				"order": 31,
				"prevSize": 32,
				"code": 58887,
				"name": "volume-4"
			},
			"setIdx": 2,
			"setId": 2,
			"iconIdx": 7
		},
		{
			"icon": {
				"paths": [
					"M298.667 597.334h-85.333v213.333h213.333v-85.333h-128v-128zM213.333 426.668h85.333v-128h128v-85.333h-213.333v213.333zM725.333 725.334h-128v85.333h213.333v-213.333h-85.333v128zM597.333 213.334v85.333h128v128h85.333v-213.333h-213.333z"
				],
				"attrs": [
					{
						"fill": "rgb(0, 0, 0)"
					}
				],
				"isMulticolor": false,
				"defaultCode": 62111,
				"grid": 24,
				"tags": [
					""
				]
			},
			"attrs": [
				{
					"fill": "rgb(0, 0, 0)"
				}
			],
			"properties": {
				"id": 671,
				"order": 32,
				"prevSize": 32,
				"code": 58888,
				"name": "full-screen"
			},
			"setIdx": 2,
			"setId": 2,
			"iconIdx": 8
		},
		{
			"icon": {
				"paths": [
					"M213.333 682.668h128v128h85.333v-213.333h-213.333v85.333zM341.333 341.334h-128v85.333h213.333v-213.333h-85.333v128zM597.333 810.668h85.333v-128h128v-85.333h-213.333v213.333zM682.667 341.334v-128h-85.333v213.333h213.333v-85.333h-128z"
				],
				"attrs": [
					{
						"fill": "rgb(0, 0, 0)"
					}
				],
				"isMulticolor": false,
				"defaultCode": 62112,
				"grid": 24,
				"tags": [
					""
				]
			},
			"attrs": [
				{
					"fill": "rgb(0, 0, 0)"
				}
			],
			"properties": {
				"id": 672,
				"order": 33,
				"prevSize": 32,
				"code": 58889,
				"name": "small-screen"
			},
			"setIdx": 2,
			"setId": 2,
			"iconIdx": 9
		},
		{
			"icon": {
				"paths": [
					"M810.667 213.334v597.333h-597.333v-597.333h597.333zM810.667 128.001h-597.333c-47.147 0-85.333 38.187-85.333 85.333v597.333c0 47.147 38.187 85.333 85.333 85.333h597.333c47.147 0 85.333-38.187 85.333-85.333v-597.333c0-47.147-38.187-85.333-85.333-85.333z"
				],
				"attrs": [
					{
						"fill": "rgb(0, 0, 0)"
					}
				],
				"isMulticolor": false,
				"defaultCode": 62178,
				"grid": 24,
				"tags": [
					""
				]
			},
			"attrs": [
				{
					"fill": "rgb(0, 0, 0)"
				}
			],
			"properties": {
				"id": 736,
				"order": 34,
				"prevSize": 32,
				"code": 58890,
				"name": "square"
			},
			"setIdx": 2,
			"setId": 2,
			"iconIdx": 10
		},
		{
			"icon": {
				"paths": [
					"M401.067 448.001l203.307-352.213c-29.653-6.613-60.587-10.453-92.373-10.453-102.4 0-196.053 36.053-269.653 96.213l156.373 270.72 2.347-4.267zM919.040 384.001c-39.253-124.8-134.4-224.427-255.787-270.507l-156.16 270.507h411.947zM930.133 426.668h-319.573l12.373 21.333 203.307 352c69.547-75.947 112.427-176.853 112.427-288 0-29.227-2.987-57.813-8.533-85.333zM364.16 512.001l-166.4-288c-69.547 75.947-112.427 176.853-112.427 288 0 29.227 2.987 57.813 8.533 85.333h319.573l-49.28-85.333zM104.96 640.001c39.253 124.8 134.4 224.427 255.787 270.507l156.16-270.507h-411.947zM585.813 640.001l-166.4 288.213c29.867 6.613 60.8 10.453 92.587 10.453 102.4 0 196.053-36.053 269.653-96.213l-156.373-270.72-39.467 68.267z"
				],
				"attrs": [
					{
						"fill": "rgb(0, 0, 0)"
					}
				],
				"isMulticolor": false,
				"defaultCode": 61922,
				"grid": 24,
				"tags": [
					""
				]
			},
			"attrs": [
				{
					"fill": "rgb(0, 0, 0)"
				}
			],
			"properties": {
				"id": 482,
				"order": 35,
				"prevSize": 32,
				"code": 58891,
				"name": "spinner"
			},
			"setIdx": 2,
			"setId": 2,
			"iconIdx": 11
		},
		{
			"icon": {
				"paths": [
					"M853.333 170.668h-682.667c-47.147 0-85.333 38.187-85.333 85.333v512c0 47.147 38.187 85.333 85.333 85.333h682.667c47.147 0 85.333-38.187 85.333-85.333v-512c0-47.147-38.187-85.333-85.333-85.333zM170.667 512.001h170.667v85.333h-170.667v-85.333zM597.333 768.001h-426.667v-85.333h426.667v85.333zM853.333 768.001h-170.667v-85.333h170.667v85.333zM853.333 597.334h-426.667v-85.333h426.667v85.333z"
				],
				"attrs": [
					{
						"fill": "rgb(0, 0, 0)"
					}
				],
				"isMulticolor": false,
				"defaultCode": 61642,
				"grid": 24,
				"tags": [
					""
				]
			},
			"attrs": [
				{
					"fill": "rgb(0, 0, 0)"
				}
			],
			"properties": {
				"id": 202,
				"order": 36,
				"prevSize": 32,
				"code": 58892,
				"name": "subtitles"
			},
			"setIdx": 2,
			"setId": 2,
			"iconIdx": 12
		},
		{
			"icon": {
				"paths": [
					"M810.667 170.668h-597.333c-47.147 0-85.333 38.187-85.333 85.333v512c0 47.147 38.187 85.333 85.333 85.333h597.333c47.147 0 85.333-38.187 85.333-85.333v-512c0-47.147-38.187-85.333-85.333-85.333zM469.333 469.334h-64v-21.333h-85.333v128h85.333v-21.333h64v42.667c0 23.467-18.987 42.667-42.667 42.667h-128c-23.68 0-42.667-19.2-42.667-42.667v-170.667c0-23.467 18.987-42.667 42.667-42.667h128c23.68 0 42.667 19.2 42.667 42.667v42.667zM768 469.334h-64v-21.333h-85.333v128h85.333v-21.333h64v42.667c0 23.467-18.987 42.667-42.667 42.667h-128c-23.68 0-42.667-19.2-42.667-42.667v-170.667c0-23.467 18.987-42.667 42.667-42.667h128c23.68 0 42.667 19.2 42.667 42.667v42.667z"
				],
				"attrs": [
					{
						"fill": "rgb(0, 0, 0)"
					}
				],
				"isMulticolor": false,
				"defaultCode": 61604,
				"grid": 24,
				"tags": [
					""
				]
			},
			"attrs": [
				{
					"fill": "rgb(0, 0, 0)"
				}
			],
			"properties": {
				"id": 164,
				"order": 37,
				"prevSize": 32,
				"code": 58893,
				"name": "captions"
			},
			"setIdx": 2,
			"setId": 2,
			"iconIdx": 13
		},
		{
			"icon": {
				"paths": [
					"M128 554.668h85.333v-85.333h-85.333v85.333zM128 725.334h85.333v-85.333h-85.333v85.333zM128 384.001h85.333v-85.333h-85.333v85.333zM298.667 554.668h597.333v-85.333h-597.333v85.333zM298.667 725.334h597.333v-85.333h-597.333v85.333zM298.667 298.668v85.333h597.333v-85.333h-597.333z"
				],
				"attrs": [
					{
						"fill": "rgb(0, 0, 0)"
					}
				],
				"isMulticolor": false,
				"defaultCode": 61504,
				"grid": 24,
				"tags": [
					""
				]
			},
			"attrs": [
				{
					"fill": "rgb(0, 0, 0)"
				}
			],
			"properties": {
				"id": 64,
				"order": 38,
				"prevSize": 32,
				"code": 58894,
				"name": "chapters"
			},
			"setIdx": 2,
			"setId": 2,
			"iconIdx": 14
		},
		{
			"icon": {
				"paths": [
					"M768 686.294c-32.427 0-61.653 12.587-83.84 32.853l-304-177.28c2.347-9.6 3.84-19.627 3.84-29.867s-1.493-20.267-3.84-29.867l300.8-175.573c22.827 21.333 53.333 34.56 87.040 34.56 70.613 0 128-57.387 128-128s-57.387-128-128-128-128 57.387-128 128c0 10.24 1.493 20.267 3.84 29.867l-300.8 175.573c-22.827-21.333-53.333-34.56-87.040-34.56-70.613 0-128 57.387-128 128s57.387 128 128 128c33.707 0 64.213-13.227 87.040-34.56l304 177.28c-2.133 8.96-3.413 18.347-3.413 27.947 0 68.693 55.68 124.373 124.373 124.373s124.373-55.68 124.373-124.373-55.68-124.373-124.373-124.373z"
				],
				"attrs": [
					{
						"fill": "rgb(0, 0, 0)"
					}
				],
				"isMulticolor": false,
				"defaultCode": 62175,
				"grid": 24,
				"tags": [
					""
				]
			},
			"attrs": [
				{
					"fill": "rgb(0, 0, 0)"
				}
			],
			"properties": {
				"id": 735,
				"order": 39,
				"prevSize": 32,
				"code": 58895,
				"name": "share"
			},
			"setIdx": 2,
			"setId": 2,
			"iconIdx": 15
		},
		{
			"icon": {
				"paths": [
					"M829.013 553.601c1.707-13.653 2.987-27.52 2.987-41.6s-1.28-27.947-2.987-41.6l90.24-70.613c8.107-6.4 10.453-17.92 5.12-27.307l-85.333-147.84c-5.333-9.173-16.427-13.013-26.027-9.173l-106.24 42.88c-21.973-16.853-46.080-31.147-72.107-42.027l-16-113.067c-1.92-10.027-10.667-17.92-21.333-17.92h-170.667c-10.667 0-19.413 7.893-21.12 17.92l-16 113.067c-26.027 10.88-50.133 24.96-72.107 42.027l-106.24-42.88c-9.6-3.627-20.693 0-26.027 9.173l-85.333 147.84c-5.333 9.173-2.987 20.693 5.12 27.307l90.027 70.613c-1.707 13.653-2.987 27.52-2.987 41.6s1.28 27.947 2.987 41.6l-90.027 70.613c-8.107 6.4-10.453 17.92-5.12 27.307l85.333 147.84c5.333 9.173 16.427 13.013 26.027 9.173l106.24-42.88c21.973 16.853 46.080 31.147 72.107 42.027l16 113.067c1.707 10.027 10.453 17.92 21.12 17.92h170.667c10.667 0 19.413-7.893 21.12-17.92l16-113.067c26.027-10.88 50.133-24.96 72.107-42.027l106.24 42.88c9.6 3.627 20.693 0 26.027-9.173l85.333-147.84c5.333-9.173 2.987-20.693-5.12-27.307l-90.027-70.613zM512 661.334c-82.56 0-149.333-66.773-149.333-149.333s66.773-149.333 149.333-149.333 149.333 66.773 149.333 149.333-66.773 149.333-149.333 149.333z"
				],
				"attrs": [
					{
						"fill": "rgb(0, 0, 0)"
					}
				],
				"isMulticolor": false,
				"defaultCode": 61536,
				"grid": 24,
				"tags": [
					""
				]
			},
			"attrs": [
				{
					"fill": "rgb(0, 0, 0)"
				}
			],
			"properties": {
				"id": 96,
				"order": 40,
				"prevSize": 32,
				"code": 58896,
				"name": "settings"
			},
			"setIdx": 2,
			"setId": 2,
			"iconIdx": 16
		},
		{
			"icon": {
				"paths": [
					"M85.333 512c0 235.641 191.025 426.667 426.667 426.667s426.667-191.025 426.667-426.667c0-235.641-191.025-426.667-426.667-426.667s-426.667 191.025-426.667 426.667z"
				],
				"attrs": [
					{
						"fill": "rgb(0, 0, 0)"
					}
				],
				"isMulticolor": false,
				"tags": [
					""
				],
				"defaultCode": 61713,
				"grid": 24
			},
			"attrs": [
				{
					"fill": "rgb(0, 0, 0)"
				}
			],
			"properties": {
				"id": 741,
				"order": 41,
				"prevSize": 32,
				"code": 58897,
				"name": "circle"
			},
			"setIdx": 2,
			"setId": 2,
			"iconIdx": 17
		},
		{
			"icon": {
				"paths": [
					"M512 85.334c-235.733 0-426.667 190.933-426.667 426.667s190.933 426.667 426.667 426.667 426.667-190.933 426.667-426.667-190.933-426.667-426.667-426.667zM512 853.334c-188.587 0-341.333-152.747-341.333-341.333s152.747-341.333 341.333-341.333 341.333 152.747 341.333 341.333-152.747 341.333-341.333 341.333z"
				],
				"attrs": [
					{
						"fill": "rgb(0, 0, 0)"
					}
				],
				"isMulticolor": false,
				"defaultCode": 62179,
				"grid": 24,
				"tags": [
					""
				]
			},
			"attrs": [
				{
					"fill": "rgb(0, 0, 0)"
				}
			],
			"properties": {
				"id": 737,
				"order": 42,
				"prevSize": 32,
				"code": 58898,
				"name": "radio"
			},
			"setIdx": 2,
			"setId": 2,
			"iconIdx": 18
		},
		{
			"icon": {
				"paths": [
					"M512 298.668c-117.76 0-213.333 95.573-213.333 213.333s95.573 213.333 213.333 213.333 213.333-95.573 213.333-213.333-95.573-213.333-213.333-213.333zM512 85.334c-235.733 0-426.667 190.933-426.667 426.667s190.933 426.667 426.667 426.667 426.667-190.933 426.667-426.667-190.933-426.667-426.667-426.667zM512 853.334c-188.587 0-341.333-152.747-341.333-341.333s152.747-341.333 341.333-341.333 341.333 152.747 341.333 341.333-152.747 341.333-341.333 341.333z"
				],
				"attrs": [
					{
						"fill": "rgb(0, 0, 0)"
					}
				],
				"isMulticolor": false,
				"defaultCode": 62180,
				"grid": 24,
				"tags": [
					""
				]
			},
			"attrs": [
				{
					"fill": "rgb(0, 0, 0)"
				}
			],
			"properties": {
				"id": 738,
				"order": 43,
				"prevSize": 32,
				"code": 58899,
				"name": "radio-selected"
			},
			"setIdx": 2,
			"setId": 2,
			"iconIdx": 19
		},
		{
			"icon": {
				"paths": [
					"M810.667 273.708l-60.373-60.373-238.293 238.293-238.293-238.293-60.373 60.373 238.293 238.293-238.293 238.293 60.373 60.373 238.293-238.293 238.293 238.293 60.373-60.373-238.293-238.293z"
				],
				"attrs": [
					{
						"fill": "rgb(0, 0, 0)"
					}
				],
				"isMulticolor": false,
				"defaultCode": 62106,
				"grid": 24,
				"tags": [
					""
				]
			},
			"attrs": [
				{
					"fill": "rgb(0, 0, 0)"
				}
			],
			"properties": {
				"id": 743,
				"order": 44,
				"prevSize": 32,
				"code": 58900,
				"name": "close"
			},
			"setIdx": 2,
			"setId": 2,
			"iconIdx": 20
		},
		{
			"icon": {
				"paths": [
					"M512 85.334c-235.733 0-426.667 190.933-426.667 426.667s190.933 426.667 426.667 426.667 426.667-190.933 426.667-426.667-190.933-426.667-426.667-426.667zM725.333 664.961l-60.373 60.373-152.96-152.96-152.96 152.96-60.373-60.373 152.96-152.96-152.96-152.96 60.373-60.373 152.96 152.96 152.96-152.96 60.373 60.373-152.96 152.96 152.96 152.96z"
				],
				"attrs": [
					{
						"fill": "rgb(0, 0, 0)"
					}
				],
				"isMulticolor": false,
				"defaultCode": 62099,
				"grid": 24,
				"tags": [
					""
				]
			},
			"attrs": [
				{
					"fill": "rgb(0, 0, 0)"
				}
			],
			"properties": {
				"id": 742,
				"order": 45,
				"prevSize": 32,
				"code": 58901,
				"name": "circle-close"
			},
			"setIdx": 2,
			"setId": 2,
			"iconIdx": 21
		},
		{
			"icon": {
				"paths": [
					"M572.323 512.008l153.023 152.993-60.345 60.345-152.993-153.023-152.887 153.023-60.45-60.345 153.008-152.993-153.008-152.887 60.45-60.45 152.887 153.008 152.993-153.008 60.345 60.45z"
				],
				"attrs": [],
				"isMulticolor": false,
				"grid": 24,
				"tags": [
					"circle-close-invert"
				]
			},
			"attrs": [],
			"properties": {
				"order": 47,
				"id": 744,
				"prevSize": 32,
				"code": 58902,
				"name": "circle-close-invert"
			},
			"setIdx": 2,
			"setId": 2,
			"iconIdx": 22
		}
	],
	"height": 1024,
	"metadata": {
		"name": "Videobox"
	},
	"preferences": {
		"showGlyphs": true,
		"showQuickUse": true,
		"showQuickUse2": true,
		"showSVGs": true,
		"fontPref": {
			"prefix": "vb-icon-",
			"metadata": {
				"fontFamily": "Videobox",
				"majorVersion": 1,
				"minorVersion": 0
			},
			"metrics": {
				"emSize": 1024,
				"baseline": 6.25,
				"whitespace": 50
			},
			"embed": false,
			"showSelector": true,
			"selector": "",
			"showMetrics": true,
			"showMetadata": false,
			"showVersion": true
		},
		"imagePref": {
			"prefix": "icon-",
			"png": true,
			"useClassSelector": true,
			"color": 4473924,
			"bgColor": 16777215
		},
		"historySize": 100,
		"gridSize": 16,
		"showGrid": true,
		"showLiga": false,
		"showCodes": true
	}
}